timestamp_utc,iteration,resources,parallelism,up_seconds,destroy_seconds,total_seconds,success
2026-09-23T21:03:06.977418+00:00,1,10,1,2.1876566250000007,1.399751791,3.5874084160000006,True
2026-09-23T21:03:12.664615+00:00,2,10,1,2.2620354999999996,1.4187789590000008,3.6808144590000005,True
2026-09-23T21:03:18.725817+00:00,3,10,1,2.2670343750000015,1.7884059579999985,4.055440333,True
2026-09-23T21:03:24.656259+00:00,4,10,1,2.3205624580000013,1.6042140419999988,3.9247765,True
2026-09-23T21:03:30.905051+00:00,5,10,1,2.624869125,1.6180117919999972,4.242880916999997,True
2026-09-23T21:03:36.580133+00:00,6,10,1,2.255767083000002,1.4133020410000015,3.6690691240000035,True
2026-09-23T21:03:42.492615+00:00,7,10,1,2.466119375000005,1.4403447079999978,3.906464083000003,True
2026-09-23T21:03:48.595215+00:00,8,10,1,2.2612546249999994,1.835562375000002,4.0968170000000015,True
2026-09-23T21:03:54.733873+00:00,9,10,1,2.5511614589999994,1.5815568749999969,4.132718333999996,True
2026-09-23T21:04:00.935268+00:00,10,10,1,2.5181727920000014,1.677346459000006,4.195519251000007,True
2026-09-23T21:04:07.358541+00:00,11,10,1,2.729643291000002,1.6881281659999985,4.417771457000001,True
2026-09-23T21:04:13.273555+00:00,12,10,1,2.274313042000003,1.6344812500000074,3.9087942920000103,True
2026-09-23T21:04:19.023560+00:00,13,10,1,2.264513375000007,1.4798374159999952,3.7443507910000022,True
2026-09-23T21:04:24.923307+00:00,14,10,1,2.357113666999993,1.5368617080000035,3.8939753749999966,True
2026-09-23T21:04:32.196471+00:00,15,10,1,3.4411943329999986,1.8295835840000052,5.270777917000004,True
2026-09-23T21:04:38.113632+00:00,16,10,1,2.400523082999996,1.5155025420000072,3.916025625000003,True
2026-09-23T21:04:43.865212+00:00,17,10,1,2.299762166000008,1.4461806660000036,3.7459428320000114,True
2026-09-23T21:04:49.913460+00:00,18,10,1,2.5229647919999962,1.5196415420000022,4.0426063339999985,True
2026-09-23T21:04:56.291598+00:00,19,10,1,2.5665569169999998,1.8057906250000002,4.372347542,True
2026-09-23T21:05:02.253713+00:00,20,10,1,2.428641958,1.5273685000000086,3.9560104580000086,True
2026-09-23T21:05:08.074538+00:00,21,10,1,2.3178630840000096,1.4972892499999944,3.815152334000004,True
2026-09-23T21:05:14.091827+00:00,22,10,1,2.335603292000002,1.6759429580000074,4.011546250000009,True
2026-09-23T21:05:20.160252+00:00,23,10,1,2.36720274999999,1.6952924999999937,4.062495249999984,True
2026-09-23T21:05:26.051166+00:00,24,10,1,2.4210699579999755,1.4641294580000022,3.8851994159999776,True
2026-09-23T21:05:31.897291+00:00,25,10,1,2.2752763750000042,1.5650839580000024,3.8403603330000067,True
2026-09-23T21:05:37.696934+00:00,26,10,1,2.2708877080000036,1.5231541660000119,3.7940418740000155,True
2026-09-23T21:05:43.467179+00:00,27,10,1,2.2561355420000098,1.508087875000001,3.764223417000011,True
2026-09-23T21:05:49.245887+00:00,28,10,1,2.2800385410000104,1.4929312920000086,3.772969833000019,True
2026-09-23T21:05:55.391032+00:00,29,10,1,2.6426866250000103,1.496522041999981,4.139208666999991,True
2026-09-23T21:06:01.258508+00:00,30,10,1,2.3096024580000005,1.5521396670000058,3.8617421250000064,True
2026-09-23T21:06:06.172841+00:00,1,10,2,1.794387707999988,1.114400125000003,2.908787832999991,True
2026-09-23T21:06:11.009076+00:00,2,10,2,1.729294667000005,1.1011998329999813,2.830494499999986,True
2026-09-23T21:06:15.937502+00:00,3,10,2,1.8391681669999969,1.083527958000019,2.922696125000016,True
2026-09-23T21:06:21.006174+00:00,4,10,2,1.8938837910000075,1.1691124580000007,3.062996249000008,True
2026-09-23T21:06:26.162936+00:00,5,10,2,2.0035065410000072,1.147403541000017,3.150910082000024,True
2026-09-23T21:06:31.223736+00:00,6,10,2,1.9324892079999927,1.1229607500000043,3.055449957999997,True
2026-09-23T21:06:36.321388+00:00,7,10,2,1.9058065419999934,1.1883175839999751,3.0941241259999686,True
2026-09-23T21:06:41.467025+00:00,8,10,2,1.9586263749999944,1.1810534999999902,3.1396798749999846,True
2026-09-23T21:06:46.591337+00:00,9,10,2,1.8581890419999922,1.2615660419999983,3.1197550839999906,True
2026-09-23T21:06:51.716677+00:00,10,10,2,2.022688083999981,1.096601082999996,3.1192891669999767,True
2026-09-23T21:06:56.885987+00:00,11,10,2,1.9426057919999948,1.2204097089999948,3.1630155009999896,True
2026-09-23T21:07:02.087766+00:00,12,10,2,2.0304613329999768,1.165607625000007,3.1960689579999837,True
2026-09-23T21:07:07.776397+00:00,13,10,2,2.4789937500000008,1.2069506659999831,3.685944415999984,True
2026-09-23T21:07:12.871711+00:00,14,10,2,1.8997219160000043,1.189437292000008,3.0891592080000123,True
2026-09-23T21:07:17.744092+00:00,15,10,2,1.7862984170000118,1.080166542000029,2.866464959000041,True
2026-09-23T21:07:22.676988+00:00,16,10,2,1.7964965000000461,1.1299551249999809,2.926451625000027,True
2026-09-23T21:07:27.413269+00:00,17,10,2,1.751239333000001,0.9789326670000378,2.7301720000000387,True
2026-09-23T21:07:32.187291+00:00,18,10,2,1.7890486669999746,0.9789901249999957,2.7680387919999703,True
2026-09-23T21:07:37.078592+00:00,19,10,2,1.8145815409999955,1.0708748750000154,2.885456416000011,True
2026-09-23T21:07:42.094198+00:00,20,10,2,1.8744302919999996,1.1371482499999956,3.011578541999995,True
2026-09-23T21:07:47.213281+00:00,21,10,2,1.9320417499999962,1.18106904199999,3.1131107919999863,True
2026-09-23T21:07:52.340633+00:00,22,10,2,1.9238237079999863,1.197315500000002,3.1211392079999882,True
2026-09-23T21:07:57.527277+00:00,23,10,2,1.9390223340000148,1.2413572090000002,3.180379543000015,True
2026-09-23T21:08:02.744456+00:00,24,10,2,2.10363916700004,1.1072496250000086,3.2108887920000484,True
2026-09-23T21:08:07.711277+00:00,25,10,2,1.8215183750000392,1.139201249999985,2.9607196250000243,True
2026-09-23T21:08:12.753649+00:00,26,10,2,1.7722790830000008,1.2639942920000067,3.0362733750000075,True
2026-09-23T21:08:17.756997+00:00,27,10,2,1.8031601250000335,1.1956272500000296,2.998787375000063,True
2026-09-23T21:08:22.581428+00:00,28,10,2,1.7496886659999973,1.0685864999999808,2.818275165999978,True
2026-09-23T21:08:27.404715+00:00,29,10,2,1.7235149169999886,1.0939147089999892,2.817429625999978,True
2026-09-23T21:08:32.758875+00:00,30,10,2,2.207712334000007,1.1436990830000013,3.3514114170000084,True
2026-09-23T21:08:37.242017+00:00,1,10,4,1.6636302919999935,0.8135200829999576,2.477150374999951,True
2026-09-23T21:08:41.743077+00:00,2,10,4,1.6994671250000124,0.8000413329999674,2.49950845799998,True
2026-09-23T21:08:46.312698+00:00,3,10,4,1.6873472909999805,0.8760588339999913,2.563406124999972,True
2026-09-23T21:08:50.637599+00:00,4,10,4,1.5214060420000237,0.8003746670000282,2.321780709000052,True
2026-09-23T21:08:55.327593+00:00,5,10,4,1.8489459580000016,0.8349542910000309,2.6839002490000325,True
2026-09-23T21:08:59.832675+00:00,6,10,4,1.646537292000005,0.8554840840000111,2.502021376000016,True
2026-09-23T21:09:04.364557+00:00,7,10,4,1.6857100410000498,0.840274417000046,2.525984458000096,True
2026-09-23T21:09:08.795425+00:00,8,10,4,1.580973125000014,0.843741542000032,2.424714667000046,True
2026-09-23T21:09:13.300835+00:00,9,10,4,1.6656473329999812,0.8339780420000125,2.4996253749999937,True
2026-09-23T21:09:17.712283+00:00,10,10,4,1.5657432080000149,0.8399346250000121,2.405677833000027,True
2026-09-23T21:09:22.095049+00:00,11,10,4,1.549924207999993,0.8271047079999789,2.377028915999972,True
2026-09-23T21:09:26.653831+00:00,12,10,4,1.6933508330000109,0.8594069580000223,2.552757791000033,True
2026-09-23T21:09:31.297844+00:00,13,10,4,1.7405625420000206,0.8981199170000309,2.6386824590000515,True
2026-09-23T21:09:35.986383+00:00,14,10,4,1.7059323339999537,0.980756083000017,2.6866884169999707,True
2026-09-23T21:09:40.591502+00:00,15,10,4,1.694674582999994,0.8973578750000115,2.5920324580000056,True
2026-09-23T21:09:45.291631+00:00,16,10,4,1.6974892080000359,0.9957826250000039,2.69327183300004,True
2026-09-23T21:09:49.604223+00:00,17,10,4,1.5277563330000135,0.7785488339999915,2.306305167000005,True
2026-09-23T21:09:54.296410+00:00,18,10,4,1.8965026660000035,0.7918834159999619,2.6883860819999654,True
2026-09-23T21:09:58.710070+00:00,19,10,4,1.561577083999964,0.8498779589999685,2.4114550429999326,True
2026-09-23T21:10:03.098215+00:00,20,10,4,1.5470962500000383,0.8345579159999943,2.3816541660000325,True
2026-09-23T21:10:07.409689+00:00,21,10,4,1.5181317920000197,0.7872527080000395,2.3053845000000592,True
2026-09-23T21:10:11.672837+00:00,22,10,4,1.5137026250000076,0.7431499580000036,2.2568525830000112,True
2026-09-23T21:10:15.924325+00:00,23,10,4,1.471092624999983,0.7745133330000158,2.2456059579999987,True
2026-09-23T21:10:20.232827+00:00,24,10,4,1.474076583999988,0.8282695839999974,2.3023461679999855,True
2026-09-23T21:10:24.641901+00:00,25,10,4,1.5296323750000056,0.8759739160000208,2.4056062910000264,True
2026-09-23T21:10:28.969092+00:00,26,10,4,1.519549166000047,0.8017492920000109,2.321298458000058,True
2026-09-23T21:10:33.325328+00:00,27,10,4,1.517957666999962,0.8324122089999832,2.350369875999945,True
2026-09-23T21:10:37.671630+00:00,28,10,4,1.539408415999958,0.8054188749999867,2.3448272909999446,True
2026-09-23T21:10:42.401423+00:00,29,10,4,1.8745762500000183,0.8525382919999629,2.727114541999981,True
2026-09-23T21:10:46.666469+00:00,30,10,4,1.4681774169999926,0.7908362499999839,2.2590136669999765,True
2026-09-23T21:10:50.988291+00:00,1,10,8,1.4697528329999727,0.8458985830000074,2.31565141599998,True
2026-09-23T21:10:55.268915+00:00,2,10,8,1.4669648749999737,0.8074223749999874,2.274387249999961,True
2026-09-23T21:10:59.624978+00:00,3,10,8,1.4874469169999998,0.8624948329999711,2.349941749999971,True
2026-09-23T21:11:03.899427+00:00,4,10,8,1.4254902079999852,0.8430993339999873,2.2685895419999724,True
2026-09-23T21:11:08.259499+00:00,5,10,8,1.5197045419999995,0.835618959000044,2.3553235010000435,True
2026-09-23T21:11:12.797991+00:00,6,10,8,1.6432245419999845,0.8894176250000214,2.532642167000006,True
2026-09-23T21:11:17.541280+00:00,7,10,8,1.8267500839999684,0.9104458329999829,2.7371959169999514,True
2026-09-23T21:11:22.118720+00:00,8,10,8,1.683405042000004,0.8881222919999914,2.5715273339999953,True
2026-09-23T21:11:26.441782+00:00,9,10,8,1.5139217920000192,0.8070827500000064,2.3210045420000256,True
2026-09-23T21:11:31.248688+00:00,10,10,8,1.5400156249999668,1.2603567920000387,2.8003724170000055,True
2026-09-23T21:11:36.050864+00:00,11,10,8,1.8638295829999834,0.9354024999998956,2.799232082999879,True
2026-09-23T21:11:40.523510+00:00,12,10,8,1.6209220409999716,0.848448957999949,2.4693709989999206,True
2026-09-23T21:11:44.909020+00:00,13,10,8,1.4720285420000891,0.9075604580000345,2.3795890000001236,True
2026-09-23T21:11:49.837008+00:00,14,10,8,2.011141875000021,0.9108200419999548,2.921961916999976,True
2026-09-23T21:11:54.236742+00:00,15,10,8,1.5382536249999248,0.8552160829999593,2.393469707999884,True
2026-09-23T21:11:59.064040+00:00,16,10,8,1.9057574580000392,0.9155550420000509,2.82131250000009,True
2026-09-23T21:12:03.801947+00:00,17,10,8,1.8119691250000187,0.9198694579999938,2.7318385830000125,True
2026-09-23T21:12:08.196462+00:00,18,10,8,1.5523595419999765,0.8360815830000092,2.3884411249999857,True
2026-09-23T21:12:12.576913+00:00,19,10,8,1.5028062090000276,0.871200374999944,2.3740065839999716,True
2026-09-23T21:12:17.044801+00:00,20,10,8,1.5581290420000187,0.9080416250000098,2.4661706670000285,True
2026-09-23T21:12:21.978552+00:00,21,10,8,2.047048000000018,0.8805042079999339,2.927552207999952,True
2026-09-23T21:12:26.447363+00:00,22,10,8,1.5903961249999838,0.8719045839999353,2.462300708999919,True
2026-09-23T21:12:31.339753+00:00,23,10,8,2.013185500000077,0.873460707999925,2.886646208000002,True
2026-09-23T21:12:35.702740+00:00,24,10,8,1.5296881670000175,0.8273790829999825,2.35706725,True
2026-09-23T21:12:40.199053+00:00,25,10,8,1.598954792000086,0.8956261250000352,2.494580917000121,True
2026-09-23T21:12:45.192357+00:00,26,10,8,2.1474944159999723,0.8403552080000054,2.9878496239999777,True
2026-09-23T21:12:49.476367+00:00,27,10,8,1.4510612079999419,0.8268443749999506,2.2779055829998924,True
2026-09-23T21:12:54.240368+00:00,28,10,8,1.4792170839999699,1.2816214590000072,2.760838542999977,True
2026-09-23T21:12:58.601754+00:00,29,10,8,1.4722877079999535,0.8832820420000189,2.3555697499999724,True
2026-09-23T21:13:03.081909+00:00,30,10,8,1.5436842910000905,0.9304135840000072,2.4740978750000977,True
2026-09-23T21:13:07.304699+00:00,1,10,16,1.3847363749999886,0.8320969580000792,2.216833333000068,True
2026-09-23T21:13:11.647229+00:00,2,10,16,1.4740957499999467,0.8621362909999561,2.336232040999903,True
2026-09-23T21:13:16.769312+00:00,3,10,16,1.907245208000063,1.208761250000066,3.116006458000129,True
2026-09-23T21:13:21.123182+00:00,4,10,16,1.4390763750000133,0.9084511660000771,2.3475275410000904,True
2026-09-23T21:13:25.352950+00:00,5,10,16,1.38339233399995,0.8400780000000623,2.2234703340000124,True
2026-09-23T21:13:29.534492+00:00,6,10,16,1.328565583999989,0.8463109159999931,2.174876499999982,True
2026-09-23T21:13:33.664600+00:00,7,10,16,1.3020215000000235,0.8214213329999893,2.123442833000013,True
2026-09-23T21:13:37.893240+00:00,8,10,16,1.340609875000041,0.875494582999977,2.216104458000018,True
2026-09-23T21:13:42.320827+00:00,9,10,16,1.5140984579999213,0.9043897080000534,2.4184881659999746,True
2026-09-23T21:13:46.703711+00:00,10,10,16,1.5050177079999685,0.867786457999955,2.3728041659999235,True
2026-09-23T21:13:50.899764+00:00,11,10,16,1.3480286669999941,0.8385789589999604,2.1866076259999545,True
2026-09-23T21:13:55.255528+00:00,12,10,16,1.4381202499999972,0.9093017499999405,2.3474219999999377,True
2026-09-23T21:13:59.654020+00:00,13,10,16,1.497868791999963,0.8920713750000004,2.3899401669999634,True
2026-09-23T21:14:04.371547+00:00,14,10,16,1.4409226249999847,1.2681392910000113,2.709061915999996,True
2026-09-23T21:14:08.600148+00:00,15,10,16,1.3529593750000686,0.8716519579999158,2.2246113329999844,True
2026-09-23T21:14:12.819477+00:00,16,10,16,1.3322296670000924,0.8801548749999029,2.2123845419999952,True
2026-09-23T21:14:17.126054+00:00,17,10,16,1.459883665999996,0.8433456669999941,2.30322933299999,True
2026-09-23T21:14:21.322133+00:00,18,10,16,1.3473054999999476,0.8420367909999413,2.189342290999889,True
2026-09-23T21:14:25.513684+00:00,19,10,16,1.3288685830000304,0.8563342500000317,2.185202833000062,True
2026-09-23T21:14:29.719074+00:00,20,10,16,1.342880541999989,0.8554181670000389,2.198298709000028,True
2026-09-23T21:14:34.084264+00:00,21,10,16,1.4222199580000279,0.9359958750000033,2.358215833000031,True
2026-09-23T21:14:38.440826+00:00,22,10,16,1.4961794160000181,0.8551312079999889,2.351310624000007,True
2026-09-23T21:14:42.805241+00:00,23,10,16,1.4663456670000414,0.8918218329999945,2.358167500000036,True
2026-09-23T21:14:47.060530+00:00,24,10,16,1.3716021660000024,0.8772541669999327,2.248856332999935,True
2026-09-23T21:14:51.281077+00:00,25,10,16,1.3478794999999764,0.8662437090000594,2.214123209000036,True
2026-09-23T21:14:55.509302+00:00,26,10,16,1.3209741670000312,0.9004947920000177,2.221468959000049,True
2026-09-23T21:14:59.729411+00:00,27,10,16,1.3609920000000102,0.8528638749999118,2.213855874999922,True
2026-09-23T21:15:03.924550+00:00,28,10,16,1.3295488329999898,0.8590674580000268,2.1886162910000166,True
2026-09-23T21:15:08.151984+00:00,29,10,16,1.3601959170000555,0.8611527499999738,2.2213486670000293,True
2026-09-23T21:15:12.298046+00:00,30,10,16,1.324938333000091,0.8142614590000221,2.139199792000113,True
2026-09-23T21:15:22.623488+00:00,1,25,1,4.830883125000014,3.487571375000016,8.31845450000003,True
2026-09-23T21:15:32.872193+00:00,2,25,1,4.739463041000022,3.502684457999976,8.242147498999998,True
2026-09-23T21:15:43.064635+00:00,3,25,1,4.77810450000004,3.4074926250000317,8.185597125000072,True
2026-09-23T21:15:53.681855+00:00,4,25,1,4.935778667000022,3.674655707999932,8.610434374999954,True
2026-09-23T21:16:03.888814+00:00,5,25,1,4.842647124999985,3.3574327919999405,8.200079916999925,True
2026-09-23T21:16:13.653796+00:00,6,25,1,4.632761875000028,3.125760874999969,7.758522749999997,True
2026-09-23T21:16:23.321747+00:00,7,25,1,4.6009302909999406,3.06077854199998,7.661708832999921,True
2026-09-23T21:16:33.083090+00:00,8,25,1,4.619866582999975,3.1351448750000372,7.755011458000013,True
2026-09-23T21:16:42.868416+00:00,9,25,1,4.627223833999892,3.151826708000044,7.779050541999936,True
2026-09-23T21:16:52.752369+00:00,10,25,1,4.678649790999998,3.1988047910000432,7.877454582000041,True
2026-09-23T21:17:02.385702+00:00,11,25,1,4.558638459000008,3.0684554580000167,7.627093917000025,True
2026-09-23T21:17:12.453728+00:00,12,25,1,4.68499262499995,3.3765673330000254,8.061559957999975,True
2026-09-23T21:17:22.368932+00:00,13,25,1,4.690942542000016,3.2180499999999483,7.9089925419999645,True
2026-09-23T21:17:32.223025+00:00,14,25,1,4.616776374999972,3.230592333000004,7.847368707999976,True
2026-09-23T21:17:41.956208+00:00,15,25,1,4.604095459000064,3.1223405420000745,7.726436001000138,True
2026-09-23T21:17:51.659562+00:00,16,25,1,4.6408828330000915,3.0560499160000063,7.696932749000098,True
2026-09-23T21:18:01.743089+00:00,17,25,1,4.732377791999966,3.3444985419999966,8.076876333999962,True
2026-09-23T21:18:11.689598+00:00,18,25,1,4.7091795830000365,3.230586832999961,7.939766415999998,True
2026-09-23T21:18:21.453502+00:00,19,25,1,4.594157582999969,3.163392750000071,7.75755033300004,True
2026-09-23T21:18:31.431770+00:00,20,25,1,4.663301832999991,3.3086808749999363,7.971982707999928,True
2026-09-23T21:18:41.041914+00:00,21,25,1,4.557163665999951,3.0467945000000327,7.603958165999984,True
2026-09-23T21:18:51.018945+00:00,22,25,1,4.730231124999932,3.2400569589999577,7.97028808399989,True
2026-09-23T21:19:01.711389+00:00,23,25,1,4.959182959000032,3.7261865419999367,8.685369500999968,True
2026-09-23T21:19:12.562978+00:00,24,25,1,5.195327417000044,3.649756125000067,8.845083542000111,True
2026-09-23T21:19:22.725952+00:00,25,25,1,4.759820500000046,3.3967612499999404,8.156581749999987,True
2026-09-23T21:19:33.414745+00:00,26,25,1,5.170220041999983,3.51158933399995,8.681809375999933,True
2026-09-23T21:19:43.408651+00:00,27,25,1,4.712585624999974,3.274806417000036,7.98739204200001,True
2026-09-23T21:19:53.595166+00:00,28,25,1,4.794231874999923,3.385503332999974,8.179735207999897,True
2026-09-23T21:20:03.537212+00:00,29,25,1,4.667713208000009,3.2674124999999776,7.935125707999987,True
2026-09-23T21:20:13.333531+00:00,30,25,1,4.670654624999997,3.118868834000068,7.7895234590000655,True
2026-09-23T21:20:21.391449+00:00,1,25,2,3.496181290999857,2.5553845409999667,6.051565831999824,True
2026-09-23T21:20:28.757986+00:00,2,25,2,3.2634760419998656,2.0996600419998686,5.363136083999734,True
2026-09-23T21:20:36.575709+00:00,3,25,2,3.410581957999966,2.4005967919999875,5.811178749999954,True
2026-09-23T21:20:44.167934+00:00,4,25,2,3.3661188749999837,2.2198303340001075,5.585949209000091,True
2026-09-23T21:20:52.066595+00:00,5,25,2,3.7318140419999963,2.1602433749999363,5.892057416999933,True
2026-09-23T21:20:59.573510+00:00,6,25,2,3.3940324580000834,2.1063337919999867,5.50036625000007,True
2026-09-23T21:21:07.198792+00:00,7,25,2,3.3380403749999914,2.280717167000148,5.618757542000139,True
2026-09-23T21:21:14.790343+00:00,8,25,2,3.370711750000055,2.21380483300004,5.584516583000095,True
2026-09-23T21:21:22.401348+00:00,9,25,2,3.4514684579999084,2.153000208000094,5.6044686660000025,True
2026-09-23T21:21:29.958763+00:00,10,25,2,3.3631589579999854,2.187354083999935,5.5505130419999205,True
2026-09-23T21:21:37.889771+00:00,11,25,2,3.641197291000026,2.2835663329999534,5.924763623999979,True
2026-09-23T21:21:45.598486+00:00,12,25,2,3.403195624999853,2.298760875000198,5.701956500000051,True
2026-09-23T21:21:53.627277+00:00,13,25,2,3.490549708000117,2.5315848330001245,6.022134541000241,True
2026-09-23T21:22:01.352798+00:00,14,25,2,3.4709957079999185,2.2479357079998863,5.718931415999805,True
2026-09-23T21:22:09.004714+00:00,15,25,2,3.2712247500001013,2.3745839590001196,5.645808709000221,True
2026-09-23T21:22:16.527464+00:00,16,25,2,3.2862790839999434,2.229620999999952,5.515900083999895,True
2026-09-23T21:22:24.107969+00:00,17,25,2,3.4511291250000795,2.122316167000008,5.573445292000088,True
2026-09-23T21:22:32.165969+00:00,18,25,2,3.683481749999828,2.3681575410000733,6.051639290999901,True
2026-09-23T21:22:40.082561+00:00,19,25,2,3.55212179199998,2.357623459000024,5.909745251000004,True
2026-09-23T21:22:47.667821+00:00,20,25,2,3.3924864170001,2.186022666000099,5.578509083000199,True
2026-09-23T21:22:55.069002+00:00,21,25,2,3.439368625000043,1.9554675829999724,5.394836208000015,True
2026-09-23T21:23:02.783569+00:00,22,25,2,3.454395624999961,2.2529419579998375,5.7073375829997985,True
2026-09-23T21:23:10.723797+00:00,23,25,2,3.4839043750000656,2.4494680000000244,5.93337237500009,True
2026-09-23T21:23:18.480532+00:00,24,25,2,3.4124693750000006,2.3370132079999166,5.749482582999917,True
2026-09-23T21:23:26.082190+00:00,25,25,2,3.3265597080001044,2.2686824170000364,5.595242125000141,True
2026-09-23T21:23:33.663126+00:00,26,25,2,3.4195245839998734,2.1549241249999795,5.574448708999853,True
2026-09-23T21:23:41.125826+00:00,27,25,2,3.4166429580000113,2.0397040830000606,5.456347041000072,True
2026-09-23T21:23:48.624639+00:00,28,25,2,3.2381618330000492,2.254299749999973,5.492461583000022,True
2026-09-23T21:23:56.040525+00:00,29,25,2,3.3467160830000466,2.061910791999935,5.408626874999982,True
2026-09-23T21:24:03.725520+00:00,30,25,2,3.4230812499999956,2.254752999999937,5.677834249999933,True
2026-09-23T21:24:09.664131+00:00,1,25,4,2.610903082999812,1.3204123749999326,3.9313154579997445,True
2026-09-23T21:24:15.930010+00:00,2,25,4,2.900235167000119,1.358311624999942,4.258546792000061,True
2026-09-23T21:24:21.870560+00:00,3,25,4,2.600094166999952,1.333643166999991,3.933737333999943,True
2026-09-23T21:24:28.249967+00:00,4,25,4,3.008594624999887,1.363776166999969,4.372370791999856,True
2026-09-23T21:24:34.003698+00:00,5,25,4,2.516452124999887,1.230807249999998,3.747259374999885,True
2026-09-23T21:24:40.670498+00:00,6,25,4,2.787020708,1.8733630839999478,4.660383791999948,True
2026-09-23T21:24:47.167810+00:00,7,25,4,2.9918148340000243,1.4981482499999856,4.48996308400001,True
2026-09-23T21:24:53.073718+00:00,8,25,4,2.6176134579998234,1.2819214169999213,3.8995348749997447,True
2026-09-23T21:24:59.213281+00:00,9,25,4,2.7789480839999214,1.3542092079999293,4.133157291999851,True
2026-09-23T21:25:05.357367+00:00,10,25,4,2.811460666999892,1.3274838750000981,4.13894454199999,True
2026-09-23T21:25:11.405079+00:00,11,25,4,2.6139053340000373,1.427229625000109,4.041134959000146,True
2026-09-23T21:25:17.863246+00:00,12,25,4,2.871657665999919,1.5800376669999423,4.451695332999861,True
2026-09-23T21:25:24.374266+00:00,13,25,4,3.016514000000143,1.487779792000083,4.504293792000226,True
2026-09-23T21:25:30.762781+00:00,14,25,4,2.8394616250000126,1.5426377500000399,4.3820993750000525,True
2026-09-23T21:25:37.101943+00:00,15,25,4,2.975271957999894,1.3571183340000061,4.3323902919999,True
2026-09-23T21:25:43.233190+00:00,16,25,4,2.7703885420000915,1.3537641249999979,4.124152667000089,True
2026-09-23T21:25:49.489323+00:00,17,25,4,2.827851417000147,1.4215645419999419,4.249415959000089,True
2026-09-23T21:25:55.788154+00:00,18,25,4,2.8453139999999166,1.4483536249999815,4.293667624999898,True
2026-09-23T21:26:02.391381+00:00,19,25,4,3.2109771660000206,1.3856120000000374,4.596589166000058,True
2026-09-23T21:26:08.589667+00:00,20,25,4,2.7409751659999984,1.4508316659998854,4.191806831999884,True
2026-09-23T21:26:15.557504+00:00,21,25,4,3.241731874999914,1.7195687910000288,4.961300665999943,True
2026-09-23T21:26:21.882513+00:00,22,25,4,2.82028887499996,1.4972851659999833,4.3175740409999435,True
2026-09-23T21:26:28.077439+00:00,23,25,4,2.7464627500000915,1.441967083999998,4.18842983400009,True
2026-09-23T21:26:34.821586+00:00,24,25,4,3.31512083299981,1.4217987080000967,4.7369195409999065,True
2026-09-23T21:26:40.965694+00:00,25,25,4,2.783056624999972,1.3544357089999721,4.137492333999944,True
2026-09-23T21:26:47.061012+00:00,26,25,4,2.7384405410000454,1.3544374580001204,4.092877999000166,True
2026-09-23T21:26:53.650643+00:00,27,25,4,3.181225874999882,1.40143675000013,4.582662625000012,True
2026-09-23T21:27:00.066030+00:00,28,25,4,2.8051383750000696,1.608245375000024,4.413383750000094,True
2026-09-23T21:27:06.259405+00:00,29,25,4,2.862568458999931,1.3228701659998023,4.185438624999733,True
2026-09-23T21:27:12.529172+00:00,30,25,4,2.828994040999987,1.4341054169999552,4.263099457999942,True
2026-09-23T21:27:18.129293+00:00,1,25,8,2.363804790999893,1.2309154580000268,3.59472024899992,True
2026-09-23T21:27:23.865627+00:00,2,25,8,2.4866262079999615,1.2429977499998586,3.72962395799982,True
2026-09-23T21:27:29.672058+00:00,3,25,8,2.5280501669999467,1.273429040999872,3.8014792079998188,True
2026-09-23T21:27:35.407225+00:00,4,25,8,2.5387831249997816,1.1898162080001384,3.72859933299992,True
2026-09-23T21:27:41.503417+00:00,5,25,8,2.620774499999925,1.4687327080000614,4.089507207999986,True
2026-09-23T21:27:47.509120+00:00,6,25,8,2.7014597919999233,1.297447166999973,3.9989069589998962,True
2026-09-23T21:27:53.712642+00:00,7,25,8,2.8049270410001554,1.3919974999998885,4.196924541000044,True
2026-09-23T21:27:59.824742+00:00,8,25,8,2.7012266669999008,1.404294499999878,4.105521166999779,True
2026-09-23T21:28:05.819153+00:00,9,25,8,2.7193349579999904,1.2707566250001037,3.990091583000094,True
2026-09-23T21:28:11.854021+00:00,10,25,8,2.5879111670001294,1.4454527919999691,4.0333639590000985,True
2026-09-23T21:28:17.681000+00:00,11,25,8,2.2622347910000826,1.5576524589998826,3.819887249999965,True
2026-09-23T21:28:23.308378+00:00,12,25,8,2.3449419579999358,1.2748350000001665,3.6197769580001022,True
2026-09-23T21:28:28.894853+00:00,13,25,8,2.336140041999897,1.2439324580000175,3.5800724999999147,True
2026-09-23T21:28:34.503810+00:00,14,25,8,2.3718967500001327,1.2302377920000254,3.602134542000158,True
2026-09-23T21:28:40.313570+00:00,15,25,8,2.4506507090000014,1.3516832079999404,3.8023339169999417,True
2026-09-23T21:28:45.923762+00:00,16,25,8,2.378233125000179,1.2256157499998608,3.6038488750000397,True
2026-09-23T21:28:51.702739+00:00,17,25,8,2.4957079579999117,1.2767139170000519,3.7724218749999636,True
2026-09-23T21:28:57.194641+00:00,18,25,8,2.269141791000038,1.216160999999829,3.4853027909998673,True
2026-09-23T21:29:03.173964+00:00,19,25,8,2.6390153749998717,1.3335789999998724,3.972594374999744,True
2026-09-23T21:29:08.728961+00:00,20,25,8,2.319733667000037,1.2282584580000275,3.5479921250000643,True
2026-09-23T21:29:14.383487+00:00,21,25,8,2.3747674170001574,1.2729147500001545,3.647682167000312,True
2026-09-23T21:29:20.304715+00:00,22,25,8,2.6771305420002136,1.2373917919999258,3.9145223340001394,True
2026-09-23T21:29:25.897675+00:00,23,25,8,2.35376825000003,1.2347195829997872,3.5884878329998173,True
2026-09-23T21:29:31.722642+00:00,24,25,8,2.6305088750000323,1.1879977500000223,3.8185066250000546,True
2026-09-23T21:29:37.297395+00:00,25,25,8,2.260856042000114,1.3074388749998889,3.568294917000003,True
2026-09-23T21:29:43.413250+00:00,26,25,8,2.729129875000126,1.3799699580001743,4.1090998330003,True
2026-09-23T21:29:48.874871+00:00,27,25,8,2.2971630419999656,1.157576957999936,3.4547399999999016,True
2026-09-23T21:29:54.682748+00:00,28,25,8,2.4212008750000678,1.3801284999999552,3.801329375000023,True
2026-09-23T21:30:00.333258+00:00,29,25,8,2.3256251249999877,1.3182444160001978,3.6438695410001856,True
2026-09-23T21:30:06.644703+00:00,30,25,8,2.986257499999965,1.318453583000064,4.304711083000029,True
2026-09-23T21:30:12.515969+00:00,1,25,16,2.5721721669999624,1.2917158330001257,3.863888000000088,True
2026-09-23T21:30:18.181027+00:00,2,25,16,2.344397000000072,1.3140987079998467,3.6584957079999185,True
2026-09-23T21:30:24.095381+00:00,3,25,16,2.4621777089998886,1.4455805000000055,3.907758208999894,True
2026-09-23T21:30:30.091298+00:00,4,25,16,2.662689791000048,1.3313891669999975,3.9940789580000455,True
2026-09-23T21:30:35.655466+00:00,5,25,16,2.2391058329999396,1.3181192499998815,3.557225082999821,True
2026-09-23T21:30:41.214114+00:00,6,25,16,2.247259374999885,1.304521541999975,3.55178091699986,True
2026-09-23T21:30:46.858883+00:00,7,25,16,2.314114249999875,1.32286258299996,3.636976832999835,True
2026-09-23T21:30:52.520190+00:00,8,25,16,2.228999292000026,1.4256328339999982,3.654632126000024,True
2026-09-23T21:30:58.646081+00:00,9,25,16,2.70787016700001,1.415499582999928,4.123369749999938,True
2026-09-23T21:31:04.838241+00:00,10,25,16,2.8196982080000907,1.3658887500000674,4.185586958000158,True
2026-09-23T21:31:10.677844+00:00,11,25,16,2.422523915999818,1.4135178749997976,3.836041790999616,True
2026-09-23T21:31:16.645950+00:00,12,25,16,2.4511339159998897,1.5088700000001154,3.960003916000005,True
2026-09-23T21:31:22.995104+00:00,13,25,16,2.6831530839999687,1.6591154170000664,4.342268501000035,True
2026-09-23T21:31:28.792081+00:00,14,25,16,2.426868583999976,1.3673809580000125,3.7942495419999887,True
2026-09-23T21:31:34.619803+00:00,15,25,16,2.305376749999823,1.515559999999823,3.820936749999646,True
2026-09-23T21:31:40.248480+00:00,16,25,16,2.2612313750000794,1.3596889159998682,3.6209202909999476,True
2026-09-23T21:31:46.218541+00:00,17,25,16,2.608865041999934,1.3544034579999789,3.963268499999913,True
2026-09-23T21:31:51.950697+00:00,18,25,16,2.3091099580001355,1.4157522919999792,3.7248622500001147,True
2026-09-23T21:31:58.000807+00:00,19,25,16,2.6908732080000846,1.3524538750000374,4.043327083000122,True
2026-09-23T21:32:03.550559+00:00,20,25,16,2.2657396249999238,1.277314499999875,3.5430541249997987,True
2026-09-23T21:32:09.233183+00:00,21,25,16,2.353155042000026,1.3225592920000508,3.6757143340000766,True
2026-09-23T21:32:14.899132+00:00,22,25,16,2.288893625000128,1.370201791999989,3.659095417000117,True
2026-09-23T21:32:20.473730+00:00,23,25,16,2.2061260419998234,1.3605823749999217,3.566708416999745,True
2026-09-23T21:32:26.206418+00:00,24,25,16,2.2878703330000008,1.437795708000067,3.7256660410000677,True
2026-09-23T21:32:31.738794+00:00,25,25,16,2.2215325839999878,1.303855207999959,3.525387791999947,True
2026-09-23T21:32:37.401131+00:00,26,25,16,2.265643249999812,1.3896002500000577,3.6552434999998695,True
2026-09-23T21:32:42.960466+00:00,27,25,16,2.31160487499983,1.2396937089999938,3.5512985839998237,True
2026-09-23T21:33:18.999950+00:00,28,25,16,32.25708458400004,1.7777083330001915,34.03479291700023,True
2026-09-23T21:33:24.909360+00:00,29,25,16,2.3844932080000945,1.5180837919999703,3.902577000000065,True
2026-09-23T21:33:30.662455+00:00,30,25,16,2.3785704169999917,1.3674315420000767,3.7460019590000684,True
2026-09-23T21:33:49.700316+00:00,1,50,1,9.906988040999977,7.1243592089999765,17.031347249999953,True
2026-09-23T21:34:08.406450+00:00,2,50,1,10.154635417000009,6.543893750000052,16.69852916700006,True
2026-09-23T21:34:27.439512+00:00,3,50,1,10.33652379099999,6.689317458000005,17.025841248999996,True
2026-09-23T21:34:46.889668+00:00,4,50,1,10.887832500000059,6.555113707999908,17.442946207999967,True
2026-09-23T21:35:04.131298+00:00,5,50,1,9.229545290999795,6.004729582999971,15.234274873999766,True
2026-09-23T21:35:21.677522+00:00,6,50,1,9.434821750000083,6.10446550000006,15.539287250000143,True
2026-09-23T21:35:39.035123+00:00,7,50,1,9.156340792000037,6.198246625000138,15.354587417000175,True
2026-09-23T21:35:56.358300+00:00,8,50,1,9.24208283400003,6.074152832999971,15.316235667,True
2026-09-23T21:36:13.733606+00:00,9,50,1,9.257553707999932,6.110740165999914,15.368293873999846,True
2026-09-23T21:36:31.590136+00:00,10,50,1,9.609563083000012,6.242067958999996,15.851631042000008,True
2026-09-23T21:36:49.510754+00:00,11,50,1,9.677756374999944,6.2368031669998345,15.914559541999779,True
2026-09-23T21:37:06.704668+00:00,12,50,1,9.092248416000075,6.094861208000111,15.187109624000186,True
2026-09-23T21:37:24.046890+00:00,13,50,1,9.081357166000089,6.252962083000057,15.334319249000146,True
2026-09-23T21:37:41.206668+00:00,14,50,1,9.029530707999584,6.122879041000033,15.152409748999617,True
2026-09-23T21:37:58.369902+00:00,15,50,1,9.027542042000277,6.128804124999988,15.156346167000265,True
2026-09-23T21:38:15.668382+00:00,16,50,1,9.058593250000285,6.233027959000083,15.291621209000368,True
2026-09-23T21:38:33.307012+00:00,17,50,1,9.16007083400018,6.471439124999961,15.631509959000141,True
2026-09-23T21:38:50.864780+00:00,18,50,1,9.120055374999993,6.4301682499999515,15.550223624999944,True
2026-09-23T21:39:08.226710+00:00,19,50,1,9.008552291999877,6.3458661670001675,15.354418459000044,True
2026-09-23T21:39:25.849505+00:00,20,50,1,9.09835108399966,6.516902416999983,15.615253500999643,True
2026-09-23T21:39:43.897841+00:00,21,50,1,9.290865958000268,6.749727625000105,16.040593583000373,True
2026-09-23T21:40:01.992522+00:00,22,50,1,9.565682917000231,6.530217833000279,16.09590075000051,True
2026-09-23T21:40:20.137324+00:00,23,50,1,9.36100604100011,6.7743691250002485,16.135375166000358,True
2026-09-23T21:40:38.564492+00:00,24,50,1,9.652068833000158,6.76318320900009,16.415252042000247,True
2026-09-23T21:40:56.010806+00:00,25,50,1,9.158481582999684,6.2759177090001685,15.434399291999853,True
2026-09-23T21:41:13.193489+00:00,26,50,1,8.993920417000027,6.176518333000331,15.170438750000358,True
2026-09-23T21:41:31.290266+00:00,27,50,1,9.573851708000348,6.510563166999873,16.08441487500022,True
2026-09-23T21:41:48.806132+00:00,28,50,1,9.163021667000066,6.340646416999789,15.503668083999855,True
2026-09-23T21:42:07.599475+00:00,29,50,1,9.572634000000107,7.208075458000167,16.780709458000274,True
2026-09-23T21:42:25.258313+00:00,30,50,1,9.250009124999906,6.396343249999973,15.646352374999879,True
2026-09-23T21:42:37.348906+00:00,1,50,2,6.054424874999768,4.023672667000028,10.078097541999796,True
2026-09-23T21:42:49.291660+00:00,2,50,2,5.806654958999843,4.124104249999618,9.930759208999461,True
2026-09-23T21:43:01.073194+00:00,3,50,2,5.8043172089996915,3.9655519170000844,9.769869125999776,True
2026-09-23T21:43:13.538943+00:00,4,50,2,6.515204042000278,3.93847120800001,10.453675250000288,True
2026-09-23T21:43:25.453649+00:00,5,50,2,6.167678667000018,3.7352540830002,9.902932750000218,True
2026-09-23T21:43:38.157972+00:00,6,50,2,6.488093083999956,4.20393358299998,10.692026666999936,True
2026-09-23T21:43:50.544109+00:00,7,50,2,6.408946416999697,3.9653655420001996,10.374311958999897,True
2026-09-23T21:44:02.837048+00:00,8,50,2,5.9960375830000885,4.285142708999956,10.281180292000045,True
2026-09-23T21:44:15.310473+00:00,9,50,2,6.145362209000268,4.3160468330002,10.461409042000469,True
2026-09-23T21:44:27.673974+00:00,10,50,2,6.2519916669998565,4.099764625000262,10.351756292000118,True
2026-09-23T21:44:40.146965+00:00,11,50,2,6.1470630419999,4.3141295000000355,10.461192541999935,True
2026-09-23T21:44:52.470575+00:00,12,50,2,6.16917604199989,4.1421781250001,10.31135416699999,True
2026-09-23T21:45:04.837099+00:00,13,50,2,6.275246375000279,4.07852287500009,10.353769250000369,True
2026-09-23T21:45:16.961483+00:00,14,50,2,6.218161416999919,3.894243875000029,10.112405291999949,True
2026-09-23T21:45:29.291393+00:00,15,50,2,6.042249083000115,4.275530458000048,10.317779541000164,True
2026-09-23T21:45:41.219515+00:00,16,50,2,6.171025040999666,3.7451303329999064,9.916155373999572,True
2026-09-23T21:45:53.685800+00:00,17,50,2,6.230095333000008,4.224379207999846,10.454474540999854,True
2026-09-23T21:46:05.964548+00:00,18,50,2,6.097456292000061,4.169150499999887,10.266606791999948,True
2026-09-23T21:46:18.500725+00:00,19,50,2,6.504695415999777,4.019615249999788,10.524310665999565,True
2026-09-23T21:46:31.355990+00:00,20,50,2,6.635290624999925,4.207773291999729,10.843063916999654,True
2026-09-23T21:46:43.815761+00:00,21,50,2,6.168544874999952,4.27840470900037,10.446949584000322,True
2026-09-23T21:46:56.006996+00:00,22,50,2,6.116268499999933,4.062935957999798,10.179204457999731,True
2026-09-23T21:47:08.371268+00:00,23,50,2,6.274846208000326,4.077373334000185,10.352219542000512,True
2026-09-23T21:47:20.492052+00:00,24,50,2,6.1842093329996715,3.924402459000248,10.10861179199992,True
2026-09-23T21:47:33.533354+00:00,25,50,2,6.853463749999719,4.1759923330000674,11.029456082999786,True
2026-09-23T21:47:45.882531+00:00,26,50,2,6.173461208999925,4.163222291999773,10.336683500999698,True
2026-09-23T21:47:58.118737+00:00,27,50,2,5.998737041999902,4.2256314579999525,10.224368499999855,True
2026-09-23T21:48:10.112329+00:00,28,50,2,6.108663125000021,3.8721433329997126,9.980806457999734,True
2026-09-23T21:48:22.552245+00:00,29,50,2,6.213009542000236,4.214628750000429,10.427638292000665,True
2026-09-23T21:48:34.873185+00:00,30,50,2,5.908278541999607,4.400659542000085,10.308938083999692,True
2026-09-23T21:48:43.471480+00:00,1,50,4,4.532661540999925,2.0535515000001396,6.5862130410000645,True
2026-09-23T21:48:52.805982+00:00,2,50,4,4.5884914160001244,2.734091708000051,7.322583124000175,True
2026-09-23T21:49:01.638829+00:00,3,50,4,4.534820832999685,2.28460404200041,6.819424875000095,True
2026-09-23T21:49:10.397902+00:00,4,50,4,4.532278416999816,2.214993207999669,6.747271624999485,True
2026-09-23T21:49:19.080758+00:00,5,50,4,4.434076791999814,2.2366384590000052,6.6707152509998195,True
2026-09-23T21:49:28.006117+00:00,6,50,4,4.606868166999902,2.306276207999872,6.913144374999774,True
2026-09-23T21:49:36.943090+00:00,7,50,4,4.676034500000242,2.2490038340001774,6.925038334000419,True
2026-09-23T21:49:45.886755+00:00,8,50,4,4.736370750000333,2.1951165420000507,6.931487292000384,True
2026-09-23T21:49:54.821287+00:00,9,50,4,4.665128083999662,2.2574536659999467,6.922581749999608,True
2026-09-23T21:50:03.818125+00:00,10,50,4,4.6405089579998275,2.344252540999605,6.984761498999433,True
2026-09-23T21:50:12.806865+00:00,11,50,4,4.55624274999991,2.4195544580002206,6.975797208000131,True
2026-09-23T21:50:21.594703+00:00,12,50,4,4.534347834000073,2.2400158750001538,6.774363709000227,True
2026-09-23T21:50:30.426730+00:00,13,50,4,4.50019466599997,2.3197342079997725,6.819928873999743,True
2026-09-23T21:50:39.839319+00:00,14,50,4,5.085237708000022,2.3153168750000077,7.40055458300003,True
2026-09-23T21:50:49.084268+00:00,15,50,4,5.009282666999752,2.222777167000004,7.232059833999756,True
2026-09-23T21:50:58.096841+00:00,16,50,4,4.744337374999759,2.2547180830001707,6.99905545799993,True
2026-09-23T21:51:07.022476+00:00,17,50,4,4.574793208999836,2.338720749999993,6.913513958999829,True
2026-09-23T21:51:16.094563+00:00,18,50,4,4.787291791999905,2.2727535829999397,7.060045374999845,True
2026-09-23T21:51:25.116483+00:00,19,50,4,4.725653833999786,2.284154749999743,7.009808583999529,True
2026-09-23T21:51:34.070895+00:00,20,50,4,4.630154875000244,2.3122972500000287,6.942452125000273,True
2026-09-23T21:51:43.026816+00:00,21,50,4,4.63379254199981,2.309894417000123,6.943686958999933,True
2026-09-23T21:51:51.846596+00:00,22,50,4,4.577841457999966,2.2293325409996214,6.807173998999588,True
2026-09-23T21:52:00.740562+00:00,23,50,4,4.552675042000374,2.3288274169999568,6.88150245900033,True
2026-09-23T21:52:09.772343+00:00,24,50,4,4.694622708999759,2.3251692919998277,7.019792000999587,True
2026-09-23T21:52:18.621475+00:00,25,50,4,4.545114582999759,2.2919439590000366,6.837058541999795,True
2026-09-23T21:52:27.476218+00:00,26,50,4,4.6656852080000135,2.1772145420000015,6.842899750000015,True
2026-09-23T21:52:36.420620+00:00,27,50,4,4.6080552080002235,2.3246623330001057,6.932717541000329,True
2026-09-23T21:52:45.731763+00:00,28,50,4,4.945994624999912,2.3532888330000787,7.299283457999991,True
2026-09-23T21:52:54.617528+00:00,29,50,4,4.5667227920002915,2.3063969580002777,6.873119750000569,True
2026-09-23T21:53:03.804564+00:00,30,50,4,4.763292583000293,2.4117422909998822,7.1750348740001755,True
2026-09-23T21:53:11.857653+00:00,1,50,8,3.9304818750001687,2.1099389579999297,6.040420833000098,True
2026-09-23T21:53:19.854438+00:00,2,50,8,3.919914458999756,2.0637921249999636,5.983706583999719,True
2026-09-23T21:53:27.865693+00:00,3,50,8,3.8969333330001064,2.101222916000097,5.998156249000203,True
2026-09-23T21:53:35.930615+00:00,4,50,8,3.955089874999885,2.0980122089999895,6.053102083999875,True
2026-09-23T21:53:43.934964+00:00,5,50,8,3.8765468749998035,2.115162833999875,5.991709708999679,True
2026-09-23T21:53:51.794853+00:00,6,50,8,3.7556351670000367,2.0918183750000026,5.847453542000039,True
2026-09-23T21:53:59.886801+00:00,7,50,8,3.846213667000029,2.2338995830000385,6.080113250000068,True
2026-09-23T21:54:08.064354+00:00,8,50,8,4.002291250000326,2.162737291999747,6.165028542000073,True
2026-09-23T21:54:16.330241+00:00,9,50,8,4.162736708000011,2.090984957999808,6.253721665999819,True
2026-09-23T21:54:24.560778+00:00,10,50,8,4.085519916000067,2.131669083000361,6.217188999000427,True
2026-09-23T21:54:32.727549+00:00,11,50,8,4.004518208999798,2.1502729590001763,6.154791167999974,True
2026-09-23T21:54:40.786356+00:00,12,50,8,3.9152680000001965,2.1314425000000483,6.046710500000245,True
2026-09-23T21:54:48.766439+00:00,13,50,8,3.8587170000000697,2.108259416999772,5.966976416999842,True
2026-09-23T21:54:56.742873+00:00,14,50,8,3.8114727920001314,2.151810833000127,5.963283625000258,True
2026-09-23T21:55:05.226861+00:00,15,50,8,4.335056541000085,2.136428082999828,6.471484623999913,True
2026-09-23T21:55:13.567938+00:00,16,50,8,4.202798625000014,2.1256914159998814,6.328490040999895,True
2026-09-23T21:55:21.603414+00:00,17,50,8,3.877654207999967,2.1449502079999547,6.022604415999922,True
2026-09-23T21:55:29.574952+00:00,18,50,8,3.875757791999604,2.083768874999805,5.959526666999409,True
2026-09-23T21:55:37.582335+00:00,19,50,8,3.856343625000136,2.1390362500001174,5.995379875000253,True
2026-09-23T21:55:45.614794+00:00,20,50,8,3.9083802080003807,2.1108229579999715,6.019203166000352,True
2026-09-23T21:55:53.679169+00:00,21,50,8,3.8403047920000972,2.2124960420001116,6.052800834000209,True
2026-09-23T21:56:01.736719+00:00,22,50,8,3.862196541999765,2.182431958000052,6.044628499999817,True
2026-09-23T21:56:09.695788+00:00,23,50,8,3.7940920000000915,2.153303458999744,5.947395458999836,True
2026-09-23T21:56:17.793569+00:00,24,50,8,3.9236654169999383,2.1620660419998785,6.085731458999817,True
2026-09-23T21:56:25.810501+00:00,25,50,8,3.8060673750001115,2.1983584579998023,6.004425832999914,True
2026-09-23T21:56:33.932384+00:00,26,50,8,3.911436665999645,2.1975802080000904,6.109016873999735,True
2026-09-23T21:56:42.097655+00:00,27,50,8,3.9255382080000345,2.2275396250001904,6.153077833000225,True
2026-09-23T21:56:50.297006+00:00,28,50,8,3.9098042910000004,2.277501334000135,6.1873056250001355,True
2026-09-23T21:56:58.515418+00:00,29,50,8,3.9163054999999076,2.289949166000042,6.20625466599995,True
2026-09-23T21:57:06.641444+00:00,30,50,8,3.886829250000119,2.2265302079999856,6.1133594580001045,True
2026-09-23T21:57:14.548496+00:00,1,50,16,3.71486379199996,2.179472457999964,5.894336249999924,True
2026-09-23T21:57:22.482849+00:00,2,50,16,3.6779465829999936,2.2443987499996183,5.922345332999612,True
2026-09-23T21:57:30.788794+00:00,3,50,16,4.071257916999912,2.2226955000001,6.2939534170000115,True
2026-09-23T21:57:38.905748+00:00,4,50,16,3.868767999999818,2.235206792000099,6.103974791999917,True
2026-09-23T21:57:46.864393+00:00,5,50,16,3.6653572499999427,2.281150792000062,5.946508042000005,True
2026-09-23T21:57:54.678213+00:00,6,50,16,3.5979421669999283,2.202868166999906,5.800810333999834,True
2026-09-23T21:58:03.477397+00:00,7,50,16,3.7485937500000546,3.0381164999998873,6.786710249999942,True
2026-09-23T21:58:12.033035+00:00,8,50,16,4.2506634169999415,2.297658708000199,6.548322125000141,True
2026-09-23T21:58:20.284497+00:00,9,50,16,3.833952208000028,2.408001416999923,6.241953624999951,True
2026-09-23T21:58:28.422334+00:00,10,50,16,3.7180332500001896,2.412274792000062,6.130308042000252,True
2026-09-23T21:58:36.838574+00:00,11,50,16,3.931346416999986,2.477379166999981,6.408725583999967,True
2026-09-23T21:58:45.541397+00:00,12,50,16,4.293801750000057,2.4016423749999376,6.6954441249999945,True
2026-09-23T21:58:54.636012+00:00,13,50,16,4.431510667000111,2.655616375000136,7.0871270420002475,True
2026-09-23T21:59:03.094148+00:00,14,50,16,3.9980306249999558,2.452925999999934,6.45095662499989,True
2026-09-23T21:59:13.072131+00:00,15,50,16,5.339144292000128,2.630533583000215,7.969677875000343,True
2026-09-23T21:59:21.648154+00:00,16,50,16,4.146802374999879,2.4222053329999653,6.569007707999845,True
2026-09-23T21:59:30.211037+00:00,17,50,16,4.1292213749998155,2.4256503750002594,6.554871750000075,True
2026-09-23T21:59:38.766285+00:00,18,50,16,4.163857791999817,2.3839796659999593,6.547837457999776,True
2026-09-23T21:59:47.537450+00:00,19,50,16,4.055474624999988,2.7075726250000116,6.76304725,True
2026-09-23T21:59:56.665122+00:00,20,50,16,4.663425334000294,2.456865375000234,7.120290709000528,True
2026-09-23T22:00:06.063908+00:00,21,50,16,4.9833237500001815,2.4089774999997644,7.392301249999946,True
2026-09-23T22:00:14.503304+00:00,22,50,16,4.1730063340000925,2.258834915999614,6.431841249999707,True
2026-09-23T22:00:23.104826+00:00,23,50,16,4.219271874999777,2.3794330000000627,6.598704874999839,True
2026-09-23T22:00:32.063792+00:00,24,50,16,4.610612624999703,2.3425947079999787,6.953207332999682,True
2026-09-23T22:00:41.144018+00:00,25,50,16,4.303131791999931,2.769026583000141,7.072158375000072,True
2026-09-23T22:00:50.074308+00:00,26,50,16,4.5960418340000615,2.3305700000000797,6.926611834000141,True
2026-09-23T22:00:58.640763+00:00,27,50,16,4.282281999999668,2.2779207089997726,6.560202708999441,True
2026-09-23T22:01:07.237831+00:00,28,50,16,4.174562917000003,2.414851790999819,6.589414707999822,True
2026-09-23T22:01:16.458298+00:00,29,50,16,4.950229667000258,2.2621589999998832,7.212388667000141,True
2026-09-23T22:01:24.757681+00:00,30,50,16,4.00779404099967,2.2840424999999414,6.291836540999611,True
2026-09-23T22:02:03.007770+00:00,1,100,1,21.1203865829998,15.12154287500016,36.24192945799996,True
2026-09-23T22:02:40.851339+00:00,2,100,1,20.84927558399977,14.985370958000203,35.83464654199997,True
2026-09-23T22:03:19.672534+00:00,3,100,1,21.374221542000214,15.439187874999789,36.813409417,True
2026-09-23T22:03:54.569656+00:00,4,100,1,19.45694641600039,13.43201074999979,32.88895716600018,True
2026-09-23T22:04:33.542917+00:00,5,100,1,21.494900083000175,15.470071374999861,36.964971458000036,True
2026-09-23T22:05:12.207751+00:00,6,100,1,21.38556004200018,15.273623333999694,36.65918337599987,True
2026-09-23T22:05:47.416437+00:00,7,100,1,19.519346416999724,13.68110283399983,33.200449250999554,True
2026-09-23T22:06:24.424549+00:00,8,100,1,20.472822583999914,14.526736750000055,34.99955933399997,True
2026-09-23T22:07:02.342405+00:00,9,100,1,20.716336667000178,15.197434457999861,35.91377112500004,True
2026-09-23T22:07:41.613378+00:00,10,100,1,21.53020345799996,15.732397415999912,37.26260087399987,True
2026-09-23T22:08:20.766126+00:00,11,100,1,21.698048708999977,15.444952082999862,37.14300079199984,True
2026-09-23T22:08:59.301400+00:00,12,100,1,20.67589258299995,15.85088129199994,36.52677387499989,True
2026-09-23T22:09:38.375087+00:00,13,100,1,21.887487500000134,15.178349999999682,37.065837499999816,True
2026-09-23T22:10:18.287769+00:00,14,100,1,21.788504250000187,16.119507166999938,37.908011417000125,True
2026-09-23T22:10:54.996791+00:00,15,100,1,20.189366083000095,14.511529290999988,34.70089537400008,True
2026-09-23T22:11:31.753679+00:00,16,100,1,20.01174525000033,14.736945458999799,34.74869070900013,True
2026-09-23T22:12:10.119580+00:00,17,100,1,20.806133959000363,15.582535040999574,36.388668999999936,True
2026-09-23T22:12:48.679899+00:00,18,100,1,20.976441083999816,15.582568374999937,36.55900945899975,True
2026-09-23T22:13:26.840716+00:00,19,100,1,20.72388695800055,15.429111166999974,36.15299812500052,True
2026-09-23T22:14:05.969764+00:00,20,100,1,21.454835000000458,15.66597924999951,37.12081424999997,True
2026-09-23T22:14:45.600615+00:00,21,100,1,22.225055750000138,15.397687292000228,37.622743042000366,True
2026-09-23T22:15:27.045595+00:00,22,100,1,24.156553249999888,15.28082304199961,39.4373762919995,True
2026-09-23T22:16:06.371466+00:00,23,100,1,22.680355791000693,14.637539708999611,37.317895500000304,True
2026-09-23T22:16:45.609344+00:00,24,100,1,22.17999166699974,15.050054000000273,37.23004566700001,True
2026-09-23T22:17:20.922723+00:00,25,100,1,19.22373433299981,14.081970000000183,33.305704332999994,True
2026-09-23T22:17:58.817637+00:00,26,100,1,20.66807774999961,15.218816665999839,35.88689441599945,True
2026-09-23T22:18:35.937731+00:00,27,100,1,20.42326737500025,14.689260791999914,35.112528167000164,True
2026-09-23T22:19:11.731129+00:00,28,100,1,19.662067375000333,14.12323083299998,33.78529820800031,True
2026-09-23T22:19:46.453517+00:00,29,100,1,19.165869500000554,13.54861875000006,32.71448825000061,True
2026-09-23T22:20:22.568986+00:00,30,100,1,20.048882792000768,14.061792166000487,34.110674958001255,True
2026-09-23T22:20:46.415598+00:00,1,100,2,13.707106457999544,8.131874082999275,21.83898054099882,True
2026-09-23T22:21:08.661183+00:00,2,100,2,12.46295525000005,7.775268624999626,20.238223874999676,True
2026-09-23T22:21:31.203144+00:00,3,100,2,12.48699891599972,8.046835125000143,20.533834040999864,True
2026-09-23T22:21:54.454784+00:00,4,100,2,12.958066250000229,8.285746624999774,21.243812875000003,True
2026-09-23T22:22:17.105584+00:00,5,100,2,12.291236624999328,8.346472791999986,20.637709416999314,True
2026-09-23T22:22:40.055803+00:00,6,100,2,12.664931416999934,8.272313917000247,20.93724533400018,True
2026-09-23T22:23:07.655905+00:00,7,100,2,16.322616958000253,9.265214084000036,25.58783104200029,True
2026-09-23T22:23:31.539829+00:00,8,100,2,13.7118045419993,8.169262374999562,21.88106691699886,True
2026-09-23T22:23:55.598843+00:00,9,100,2,13.7562620839999,8.294648957999925,22.050911041999825,True
2026-09-23T22:24:19.777655+00:00,10,100,2,13.997477124999932,8.172651417000452,22.170128542000384,True
2026-09-23T22:24:45.508293+00:00,11,100,2,15.175717166999675,8.54692279200026,23.722639958999935,True
2026-09-23T22:25:09.793411+00:00,12,100,2,13.97292783299963,8.307968209000137,22.280896041999767,True
2026-09-23T22:25:35.014113+00:00,13,100,2,14.43556770899977,8.777132750000419,23.21270045900019,True
2026-09-23T22:26:00.579782+00:00,14,100,2,14.550642750000407,9.008179625000594,23.558822375001,True
2026-09-23T22:26:24.713404+00:00,15,100,2,13.851230832999136,8.274032834000536,22.125263666999672,True
2026-09-23T22:26:49.973535+00:00,16,100,2,14.495290625000052,8.756859083000563,23.252149708000616,True
2026-09-23T22:27:15.031742+00:00,17,100,2,14.635870542000703,8.417924709000545,23.053795251001247,True
2026-09-23T22:27:39.791008+00:00,18,100,2,14.248877707999782,8.502570999999989,22.75144870799977,True
2026-09-23T22:28:04.635208+00:00,19,100,2,14.299052334000407,8.52818783299972,22.827240167000127,True
2026-09-23T22:28:28.654137+00:00,20,100,2,13.882517791000282,8.126544083000226,22.00906187400051,True
2026-09-23T22:28:53.576278+00:00,21,100,2,14.409885957999904,8.503920999999536,22.91380695799944,True
2026-09-23T22:29:17.963214+00:00,22,100,2,13.910445833000267,8.470657249999931,22.3811030830002,True
2026-09-23T22:29:43.000107+00:00,23,100,2,14.505863999999747,8.527804291999928,23.033668291999675,True
2026-09-23T22:30:06.095415+00:00,24,100,2,13.05928191700059,8.03049641600046,21.08977833300105,True
2026-09-23T22:30:29.976238+00:00,25,100,2,13.331567875000474,8.544793166999625,21.8763610420001,True
2026-09-23T22:30:53.680482+00:00,26,100,2,13.387836375000006,8.309233417000542,21.697069792000548,True
2026-09-23T22:31:17.573855+00:00,27,100,2,13.208004291999714,8.6780308339994,21.886035125999115,True
2026-09-23T22:31:41.830876+00:00,28,100,2,13.86736804100019,8.381397584000297,22.248765625000487,True
2026-09-23T22:32:06.637288+00:00,29,100,2,14.179521916999875,8.624190499999713,22.803712416999588,True
2026-09-23T22:32:32.729772+00:00,30,100,2,15.442808875000082,8.645309958000325,24.088118833000408,True
2026-09-23T22:32:48.267620+00:00,1,100,4,9.215753167000003,4.314739958000246,13.530493125000248,True
2026-09-23T22:33:33.182528+00:00,2,100,4,36.99131895900064,5.915693458000533,42.90701241700117,True
2026-09-23T22:33:48.626732+00:00,3,100,4,9.111066292000032,4.325147500000639,13.436213792000672,True
2026-09-23T22:34:04.416575+00:00,4,100,4,9.344680583999434,4.437982166999973,13.782662750999407,True
2026-09-23T22:34:20.084489+00:00,5,100,4,9.27200400000038,4.388316540999767,13.660320541000146,True
2026-09-23T22:34:35.879711+00:00,6,100,4,9.461974542000462,4.325757166000585,13.787731708001047,True
2026-09-23T22:34:51.853377+00:00,7,100,4,9.502005000000281,4.463912291999804,13.965917292000086,True
2026-09-23T22:35:07.560467+00:00,8,100,4,9.24312000000009,4.456849790999513,13.699969790999603,True
2026-09-23T22:35:23.340589+00:00,9,100,4,9.301449333000164,4.471423166999557,13.772872499999721,True
2026-09-23T22:35:39.357863+00:00,10,100,4,9.403441333000046,4.606240082999648,14.009681415999694,True
2026-09-23T22:35:55.468647+00:00,11,100,4,9.436119875000259,4.666788999999881,14.10290887500014,True
2026-09-23T22:36:12.199547+00:00,12,100,4,9.678916458000458,5.044470542000454,14.723387000000912,True
2026-09-23T22:36:28.539523+00:00,13,100,4,9.819562832999509,4.507572667000204,14.327135499999713,True
2026-09-23T22:36:44.254097+00:00,14,100,4,9.252146040999833,4.449410416000319,13.701556457000152,True
2026-09-23T22:36:59.910765+00:00,15,100,4,9.200332792000154,4.443766750000577,13.644099542000731,True
2026-09-23T22:37:15.514032+00:00,16,100,4,9.217292041999826,4.373244624999643,13.59053666699947,True
2026-09-23T22:37:30.989892+00:00,17,100,4,9.08277341700068,4.380277000000206,13.463050417000886,True
2026-09-23T22:37:46.682352+00:00,18,100,4,9.125495833999594,4.554278499999782,13.679774333999376,True
2026-09-23T22:38:02.672697+00:00,19,100,4,9.377770582999801,4.599526417000561,13.977297000000362,True
2026-09-23T22:38:18.387922+00:00,20,100,4,9.424513957999807,4.278497000000243,13.70301095800005,True
2026-09-23T22:38:34.243856+00:00,21,100,4,9.23246404099973,4.610791207999682,13.843255248999412,True
2026-09-23T22:38:50.138822+00:00,22,100,4,9.379581041000165,4.502155958999538,13.881736999999703,True
2026-09-23T22:39:06.259651+00:00,23,100,4,9.471097124999687,4.636879042000146,14.107976166999833,True
2026-09-23T22:39:22.082735+00:00,24,100,4,9.300827041000048,4.509525665999718,13.810352706999765,True
2026-09-23T22:39:37.495818+00:00,25,100,4,8.95940070799952,4.441080957999475,13.400481665998996,True
2026-09-23T22:39:53.319344+00:00,26,100,4,9.279153167000004,4.53719749999982,13.816350666999824,True
2026-09-23T22:40:08.985686+00:00,27,100,4,9.325275457999851,4.32845449999968,13.65372995799953,True
2026-09-23T22:40:24.640692+00:00,28,100,4,9.203192666000177,4.439242042000842,13.64243470800102,True
2026-09-23T22:40:40.369200+00:00,29,100,4,9.188579624999875,4.526480375000574,13.715060000000449,True
2026-09-23T22:40:55.948854+00:00,30,100,4,9.211884334000388,4.354690250000203,13.566574584000591,True
2026-09-23T22:41:09.665959+00:00,1,100,8,7.693595333000303,4.010734249999587,11.70432958299989,True
2026-09-23T22:41:26.065570+00:00,2,100,8,9.90746583300006,4.487512541999422,14.394978374999482,True
2026-09-23T22:41:40.031633+00:00,3,100,8,7.826819999999316,4.134497250000095,11.96131724999941,True
2026-09-23T22:41:53.789560+00:00,4,100,8,7.549560542000108,4.200699291000092,11.7502598330002,True
2026-09-23T22:42:07.607152+00:00,5,100,8,7.450139540999771,4.358790916000544,11.808930457000315,True
2026-09-23T22:42:22.017113+00:00,6,100,8,8.249153165999815,4.153441166000448,12.402594332000263,True
2026-09-23T22:42:36.761622+00:00,7,100,8,7.550434666000001,5.186514791999798,12.736949457999799,True
2026-09-23T22:42:51.099372+00:00,8,100,8,7.9900326249999125,4.340025292000064,12.330057916999976,True
2026-09-23T22:43:05.545987+00:00,9,100,8,8.173661417000403,4.265222625000206,12.438884042000609,True
2026-09-23T22:43:19.055149+00:00,10,100,8,7.240161291999357,4.261418458999287,11.501579750998644,True
2026-09-23T22:43:32.928812+00:00,11,100,8,7.520554790999995,4.34501391699996,11.865568707999955,True
2026-09-23T22:43:46.920934+00:00,12,100,8,7.677249917000154,4.308051875000274,11.985301792000428,True
2026-09-23T22:44:01.302816+00:00,13,100,8,8.169634124999902,4.207115791999968,12.37674991699987,True
2026-09-23T22:44:15.493414+00:00,14,100,8,7.488592499999868,4.69460141700074,12.183193917000608,True
2026-09-23T22:44:30.502106+00:00,15,100,8,8.478687875000105,4.522636208000222,13.001324083000327,True
2026-09-23T22:44:44.751285+00:00,16,100,8,7.655729000000065,4.5860924580001665,12.241821458000231,True
2026-09-23T22:45:00.295227+00:00,17,100,8,8.671017500000744,4.869331457999579,13.540348958000322,True
2026-09-23T22:45:16.051574+00:00,18,100,8,9.308535041999676,4.439719957999841,13.748254999999517,True
2026-09-23T22:45:30.344331+00:00,19,100,8,7.951605125000242,4.3334257080005045,12.285030833000746,True
2026-09-23T22:46:13.001332+00:00,20,100,8,36.76240349999989,3.886843708000015,40.649247207999906,True
2026-09-23T22:46:28.165526+00:00,21,100,8,8.585722707999594,4.570150583999748,13.155873291999342,True
2026-09-23T22:46:42.760587+00:00,22,100,8,8.256971082999371,4.330016707999675,12.586987790999046,True
2026-09-23T22:46:56.744825+00:00,23,100,8,7.8007618330002515,4.175033459000588,11.97579529200084,True
2026-09-23T22:47:09.828984+00:00,24,100,8,7.403292874999352,3.6726796670000112,11.075972541999363,True
2026-09-23T22:47:23.404577+00:00,25,100,8,7.813965790999646,3.753700375000335,11.56766616599998,True
2026-09-23T22:47:36.351160+00:00,26,100,8,7.07243091700002,3.8653583340001205,10.93778925100014,True
2026-09-23T22:47:49.945383+00:00,27,100,8,7.5398805409995475,4.046800207999695,11.586680748999242,True
2026-09-23T22:48:04.694933+00:00,28,100,8,7.886743999999453,4.855104917000062,12.741848916999515,True
2026-09-23T22:48:18.843470+00:00,29,100,8,7.814771917000144,4.324316292000731,12.139088209000874,True
2026-09-23T22:48:34.017662+00:00,30,100,8,8.580863291000242,4.58446237499993,13.165325666000172,True
2026-09-23T22:48:47.636524+00:00,1,100,16,7.226245583000491,4.384352582999782,11.610598166000273,True
2026-09-23T22:49:02.951720+00:00,2,100,16,8.378384542000276,4.929493542000273,13.30787808400055,True
2026-09-23T22:49:17.131110+00:00,3,100,16,7.673706958000366,4.497102084000289,12.170809042000656,True
2026-09-23T22:49:31.095985+00:00,4,100,16,7.446703999999954,4.509805249999772,11.956509249999726,True
2026-09-23T22:49:45.050793+00:00,5,100,16,7.552927624999938,4.393995458000063,11.946923083000001,True
2026-09-23T22:49:59.313843+00:00,6,100,16,7.6995267920001424,4.55606112499936,12.255587916999502,True
2026-09-23T22:50:13.257764+00:00,7,100,16,7.422050292000677,4.5140818750005565,11.936132167001233,True
2026-09-23T22:50:27.321111+00:00,8,100,16,7.655227582999942,4.3994560420005655,12.054683625000507,True
2026-09-23T22:50:42.115680+00:00,9,100,16,7.84030787500069,4.946827875000054,12.787135750000743,True
2026-09-23T22:50:57.937112+00:00,10,100,16,8.967446708000352,4.845832500000142,13.813279208000495,True
2026-09-23T22:51:13.202180+00:00,11,100,16,8.687990874999741,4.569423957999788,13.25741483299953,True
2026-09-23T22:51:27.595963+00:00,12,100,16,7.886984959000074,4.4991543750002165,12.38613933400029,True
2026-09-23T22:51:41.699175+00:00,13,100,16,7.632174625000516,4.462636792000012,12.094811417000528,True
2026-09-23T22:51:56.130674+00:00,14,100,16,7.832593832999919,4.590815832999397,12.423409665999316,True
2026-09-23T22:52:10.263120+00:00,15,100,16,7.664987707999899,4.45887812500041,12.123865833000309,True
2026-09-23T22:52:24.064423+00:00,16,100,16,7.242043707999983,4.551753915999143,11.793797623999126,True
2026-09-23T22:52:38.249360+00:00,17,100,16,7.72003845800009,4.457187250000061,12.177225708000151,True
2026-09-23T22:52:52.493654+00:00,18,100,16,7.564278750000085,4.672195209000165,12.23647395900025,True
2026-09-23T22:53:06.796330+00:00,19,100,16,7.650251540999307,4.644303124999169,12.294554665998476,True
2026-09-23T22:53:20.438689+00:00,20,100,16,7.212081292000221,4.4223393750007745,11.634420667000995,True
2026-09-23T22:53:34.135885+00:00,21,100,16,7.293273874999613,4.394805584000096,11.68807945899971,True
2026-09-23T22:53:47.575159+00:00,22,100,16,7.067200583000158,4.363841625000532,11.43104220800069,True
2026-09-23T22:54:01.687200+00:00,23,100,16,7.684345042000132,4.419419374999961,12.103764417000093,True
2026-09-23T22:54:15.352441+00:00,24,100,16,7.272683875000439,4.383822083000268,11.656505958000707,True
2026-09-23T22:54:29.254674+00:00,25,100,16,7.429150582999682,4.465452249999544,11.894602832999226,True
2026-09-23T22:54:42.832778+00:00,26,100,16,7.080132666999816,4.489115291999951,11.569247958999767,True
2026-09-23T22:54:56.457688+00:00,27,100,16,7.190956040999481,4.4259366659998705,11.616892706999352,True
2026-09-23T22:55:10.268370+00:00,28,100,16,7.361940083000263,4.441150833000393,11.803090916000656,True
2026-09-23T22:55:23.866923+00:00,29,100,16,7.112338334000015,4.478877040999578,11.591215374999592,True
2026-09-23T22:55:37.269469+00:00,30,100,16,6.980463125000824,4.414565707999827,11.395028833000652,True
