resources,parallelism,up_mean,up_median,up_stddev,up_min,up_max,up_p95,destroy_mean,destroy_median,destroy_stddev,destroy_min,destroy_max,destroy_p95,total_mean,total_median,total_stddev,total_min,total_max,total_p95
10,1,2.4158742124666674,2.3280828750000016,0.23792412019296527,2.1876566250000007,3.4411943329999986,2.729643291000002,1.5743741388333345,1.532115104000006,0.12595867616905027,1.399751791,1.835562375000002,1.8295835840000052,3.990248351300002,3.9124099585000067,0.3147902920187058,3.5874084160000006,5.270777917000004,4.417771457000001
10,2,1.9026106041666688,1.8841570415000035,0.15765870207876934,1.7235149169999886,2.4789937500000008,2.207712334000007,1.1418876736666674,1.1414501664999932,0.07034991471147069,0.9789326670000378,1.2639942920000067,1.2615660419999983,3.0444982778333363,3.0592231035000026,0.19245806482603028,2.7301720000000387,3.685944415999984,3.3514114170000084
10,4,1.6202192888333362,1.5733581665000145,0.11920882969616789,1.4681774169999926,1.8965026660000035,1.8745762500000183,0.8381290875333358,0.8342679790000034,0.05447619342616249,0.7431499580000036,0.9957826250000039,0.980756083000017,2.458348376366672,2.4180848549999894,0.1489893233470622,2.2456059579999987,2.727114541999981,2.69327183300004
10,8,1.6428963597666686,1.5480219165000335,0.20703574149796905,1.4254902079999852,2.1474944159999723,2.047048000000018,0.8989848958666546,0.8769824579999295,0.10727521325592349,0.8070827500000064,1.2816214590000072,1.2603567920000387,2.541881255633323,2.4677708329999746,0.2293822497687064,2.2685895419999724,2.9878496239999777,2.927552207999952
10,16,1.4089600930333404,1.3662970830000063,0.11435088814435748,1.3020215000000235,1.907245208000063,1.5140984579999213,0.8912748957333292,0.8641900000000078,0.09867586172188436,0.8142614590000221,1.2681392910000113,1.208761250000066,2.3002349887666695,2.2224696465000306,0.192310280585186,2.123442833000013,3.116006458000129,2.709061915999996
25,1,4.733292831933329,4.687967583499983,0.15724393318901395,4.557163665999951,5.195327417000044,5.170220041999983,3.2946367708333315,3.2537347294999677,0.18871781757091516,3.0467945000000327,3.7261865419999367,3.674655707999932,8.02792960276666,7.955027249999944,0.33231507822801987,7.603958165999984,8.845083542000111,8.685369500999968
25,2,3.4263023290999928,3.414556166500006,0.11472138137962687,3.2381618330000492,3.7318140419999963,3.683481749999828,2.2468754208333395,2.250438832999862,0.13787368639184916,1.9554675829999724,2.5553845409999667,2.5315848330001245,5.673177749933332,5.611613104000071,0.19683412428802252,5.363136083999734,6.051639290999901,6.051565831999824
25,4,2.855282734699972,2.8240701460000537,0.19491408520039072,2.516452124999887,3.31512083299981,3.241731874999914,1.4317718722666617,1.4115006460000359,0.1321398998280813,1.230807249999998,1.8733630839999478,1.7195687910000288,4.287054606966634,4.260823125000002,0.2657390224333157,3.747259374999885,4.961300665999943,4.7369195409999065
25,8,2.4992334041666786,2.4686384584999814,0.18764294275619736,2.260856042000114,2.986257499999965,2.8049270410001554,1.2983114985333184,1.2741320205000193,0.09153464553180041,1.157576957999936,1.5576524589998826,1.4687327080000614,3.797544902699997,3.7868756249999933,0.2272614661817341,3.4547399999999016,4.304711083000029,4.196924541000044
25,16,3.399277773666639,2.348776021000049,5.453063211102723,2.2061260419998234,32.25708458400004,2.8196982080000907,1.3948959347333205,1.36663485400004,0.11240074183009023,1.2396937089999938,1.7777083330001915,1.6591154170000664,4.794173708399959,3.735834000000068,5.5266254824144045,3.525387791999947,34.03479291700023,4.342268501000035
50,1,9.405049566600026,9.246045979499968,0.43973615827804924,8.993920417000027,10.887832500000059,10.33652379099999,6.406878748633373,6.343256291999978,0.3016291635310249,6.004729582999971,7.208075458000167,7.1243592089999765,15.811928315233398,15.582738562999793,0.6398405687228925,15.152409748999617,17.442946207999967,17.031347249999953
50,2,6.20428838346661,6.170100541499778,0.2282744314504896,5.8043172089996915,6.853463749999719,6.635290624999925,4.104111833366687,4.133141187499859,0.1685687697554717,3.7352540830002,4.400659542000085,4.3160468330002,10.308400216833297,10.32723152099993,0.27222591852887623,9.769869125999776,11.029456082999786,10.843063916999654
50,4,4.654952430599966,4.619105041500234,0.14865465013274717,4.434076791999814,5.085237708000022,5.009282666999752,2.2971499096666625,2.2991100834999543,0.10901779726123342,2.0535515000001396,2.734091708000051,2.4195544580002206,6.952102340266629,6.928262813000401,0.18523121487478655,6.5862130410000645,7.40055458300003,7.322583124000175
50,8,3.928452338866676,3.9090922495001905,0.1245562776807516,3.7556351670000367,4.335056541000085,4.202798625000014,2.1536492777333174,2.141993229000036,0.057445134645323595,2.0637921249999636,2.289949166000042,2.277501334000135,6.082101616599994,6.049755667000227,0.12772164891518667,5.847453542000039,6.471484623999913,6.328490040999895
50,16,4.186675014033304,4.155330083499848,0.4204099402995611,3.5979421669999283,5.339144292000128,4.9833237500001815,2.4088208485666502,2.3928110204999484,0.18926243652232438,2.179472457999964,3.0381164999998873,2.769026583000141,6.595495862599956,6.557537229499758,0.48475584009716705,5.800810333999834,7.969677875000343,7.392301249999946
100,1,20.952206544500132,20.827704771500066,1.098730826485874,19.165869500000554,24.156553249999888,22.680355791000693,14.968387699999917,15.187892228999772,0.7048121098139319,13.43201074999979,16.119507166999938,15.85088129199994,35.92059424450005,36.31529922899995,1.6445004050193028,32.71448825000061,39.4373762919995,37.908011417000125
100,2,13.906991199999963,13.896481812000275,0.898523499062807,12.291236624999328,16.322616958000253,15.442808875000082,8.424081511233393,8.39966114650042,0.30170418992048925,7.775268624999626,9.265214084000036,9.008179625000594,22.331072711233354,22.209447083500436,1.1359628996288944,20.238223874999676,25.58783104200029,24.088118833000408
100,4,10.233773074966697,9.289990104000026,5.056627068655444,8.95940070799952,36.99131895900064,9.819562832999509,4.5296797513333935,4.460381041499659,0.3004514854664019,4.278497000000243,5.915693458000533,5.044470542000454,14.76345282630009,13.743966250000085,5.3224261680885565,13.400481665998996,42.90701241700117,14.723387000000912
100,8,8.935681291533244,7.82079595849973,5.290144377843432,7.07243091700002,36.76240349999989,9.90746583300006,4.325643733366723,4.327166500000203,0.3316090295840941,3.6726796670000112,5.186514791999798,4.869331457999579,13.261325024899968,12.263426145500489,5.229043427743131,10.93778925100014,40.649247207999906,14.394978374999482
100,16,7.580947930500103,7.558603187500012,0.45477041587610806,6.980463125000824,8.967446708000352,8.687990874999741,4.5194227583,4.472164645499561,0.15260295057837706,4.363841625000532,4.946827875000054,4.929493542000273,12.100370688800103,12.005596437500117,0.5669918782152022,11.395028833000652,13.813279208000495,13.30787808400055
